"glotto.code","glotto.name","glotto.family","area"
"wint1259","Wintu","Wintuan","California"
"timn1235","Timne","Atlantic-Congo","African Savannah"
"bara1380","Barasana-Eduria","Tucanoan","NE South America"
"copa1236","Copainalá Zoque","Mixe-Zoque","Mesoamerica"
"pero1241","Pero","Afro-Asiatic","African Savannah"
"west2600","West Makian","North Halmahera","Oceania"
"dera1248","Dera (Nigeria)","Afro-Asiatic","African Savannah"
"koas1236","Koasati","Muskogean","E North America"
"ware1253","Warembori","Austronesian","N Coast New Guinea"
"dibo1245","Dibole","Atlantic-Congo","S Africa"
"bann1247","Bannoni","Austronesian","Oceania"
"ndum1239","Ndumu","Atlantic-Congo","S Africa"
"hali1244","Halia","Austronesian","Oceania"
"east2443","East Ambae","Austronesian","Oceania"
"ulit1238","Ulithian","Austronesian","Oceania"
"kair1263","Kairiru","Austronesian","N Coast New Guinea"
"asha1243","Asháninka","Arawakan","Andean"
"kosa1249","Kosarek Yale","Nuclear Trans New Guinea","Interior New Guinea"
"nort3139","North Levantine Arabic","Afro-Asiatic","Greater Mesopotamia"
"haus1257","Hausa","Afro-Asiatic","African Savannah"
"chuv1255","Chuvash","Turkic","Inner Asia"
"xara1244","Xârâcùù","Austronesian","Oceania"
"nucl1634","Nuclear Skou","Sko","N Coast New Guinea"
"siks1238","Siksika","Algic","Basin and Plains"
"mbum1254","Mbum","Atlantic-Congo","African Savannah"
"bauz1241","Bauzi","Geelvink Bay","Interior New Guinea"
"fonn1241","Fon","Atlantic-Congo","African Savannah"
"pino1237","Pinotepa Nacional Mixtec","Otomanguean","Mesoamerica"
"roma1327","Romanian","Indo-European","Europe"
"choc1276","Choctaw","Muskogean","E North America"
"mail1248","Mailu","Mailuan","S New Guinea"
"meya1236","Meyah","East Bird's Head","N Coast New Guinea"
"imba1240","Imbabura Highland Quichua","Quechuan","Andean"
"siam1242","Siamou","Atlantic-Congo","African Savannah"
"vinm1237","Vinmavis","Austronesian","Oceania"
"paul1238","Paulohi","Austronesian","Oceania"
"adny1235","Adnyamathanha","Pama-Nyungan","S Australia"
"adze1240","Adzera","Austronesian","N Coast New Guinea"
"nucl1305","Modern Kannada","Dravidian","Indic"
"pogo1243","Pogolo","Atlantic-Congo","S Africa"
"lepc1244","Lepcha","Sino-Tibetan","Indic"
"high1276","Highland Popoluca","Mixe-Zoque","Mesoamerica"
"telu1262","Telugu","Dravidian","Indic"
"chuk1273","Chukchi","Chukotko-Kamchatkan","N Coast Asia"
"maho1249","Mahou","Mande","African Savannah"
"sout2866","South Marquesan","Austronesian","Basin and Plains"
"turk1308","Turkana","Nilotic","S Africa"
"pang1287","Pangwa","Atlantic-Congo","S Africa"
"bord1248","Border Kuna","Chibchan","Andean"
"rumu1243","Rumu","Turama-Kikori","Interior New Guinea"
"wakh1245","Wakhi","Indo-European","Indic"
"toba1266","Tobati","Austronesian","N Coast New Guinea"
"kiss1245","Kissi","Atlantic-Congo","N Coast New Guinea"
"mono1273","Mono (Solomon Islands)","Austronesian","Oceania"
"sher1255","Sherpa","Sino-Tibetan","Indic"
"arhu1242","Arhuaco","Chibchan","NE South America"
"kore1283","Koreguaje","Tucanoan","NE South America"
"anin1240","Anindilyakwa","Gunwinyguan","N Australia"
"nort2815","Northeastern Dinka","Nilotic","African Savannah"
"lill1248","Lillooet","Salishan","Alaska-Oregon"
"lith1251","Lithuanian","Indo-European","Inner Asia"
"goka1239","Gokana","Atlantic-Congo","African Savannah"
"juho1239","Ju'hoan","Kxa","S Africa"
"east2341","Eastern-Western Pwo Karen","Sino-Tibetan","African Savannah"
"nuau1240","Nuaulu","Austronesian","African Savannah"
"nucl1667","Nuclear Aymara","Aymara","Oceania"
"qima1242","Qimant","Afro-Asiatic","Greater Abyssinia"
"dehu1237","Dehu","Austronesian","Oceania"
"woli1241","Wolio","Austronesian","Oceania"
"morm1235","Mor (Mor Islands)","Austronesian","N Coast New Guinea"
"karo1305","Karo (Brazil)","Tupian","NE South America"
"resi1247","Resígaro","Arawakan","NE South America"
"ndei1235","Ndeiram","Nuclear Trans New Guinea","Southeast Asia"
"tond1251","Tondano","Austronesian","Oceania"
"badi1247","Bädi Kanum","Morehead-Wasur","S New Guinea"
"swed1254","Swedish","Indo-European","Europe"
"yaqu1251","Yaqui","Uto-Aztecan","Mesoamerica"
"meso1252","Mesopotamian Arabic","Afro-Asiatic","Greater Mesopotamia"
"cube1242","Cubeo","Tucanoan","NE South America"
"ewee1241","Ewe","Atlantic-Congo","African Savannah"
"tbol1240","Tboli","Austronesian","Oceania"
"asue1235","Asue Awyu","Nuclear Trans New Guinea","Interior New Guinea"
"stan1295","Standard German","Indo-European","Europe"
"zand1248","Zande","Atlantic-Congo","S Africa"
"cane1242","Canela","Nuclear-Macro-Je","NE South America"
"daur1238","Dagur","Mongolic","Inner Asia"
"karb1241","Karbi","Sino-Tibetan","Indic"
"tlac1235","Tlachichilco Tepehua","Totonacan","S Africa"
"djeo1235","Djeoromitxí","Nuclear-Macro-Je","NE South America"
"cent2084","Central Cagayan Agta","Austronesian","Oceania"
"kumi1248","Kumiai","Cochimi-Yuman","California"
"rikb1245","Rikbaktsa","Nuclear-Macro-Je","NE South America"
"lewo1242","Lewo","Austronesian","Oceania"
"dime1235","Dime","South Omotic","Greater Abyssinia"
"yape1248","Yapese","Austronesian","Oceania"
"moro1285","Moro","Heiban","African Savannah"
"fore1270","Fore","Nuclear Trans New Guinea","Interior New Guinea"
"seba1251","Sebat Bet Gurage","Afro-Asiatic","Greater Abyssinia"
"carn1240","Car Nicobarese","Austroasiatic","Southeast Asia"
"nucl1235","Modern Armenian","Indo-European","Greater Mesopotamia"
"lele1264","Lelemi","Atlantic-Congo","African Savannah"
"tido1248","Tidore","North Halmahera","Oceania"
"alaw1244","Alawa","Mangarrayi-Maran","N Australia"
"muru1274","Murui Huitoto","Huitotoan","NE South America"
"xhos1239","Xhosa","Atlantic-Congo","S Africa"
"balt1258","Balti","Sino-Tibetan","Indic"
"squa1248","Squamish","Salishan","Alaska-Oregon"
"trio1238","Trió","Cariban","NE South America"
"khmu1256","Khmu","Austroasiatic","Southeast Asia"
"rotu1241","Rotuman","Austronesian","Oceania"
"mofu1248","Mofu-Gudur","Afro-Asiatic","African Savannah"
"abkh1244","Abkhazian","Abkhaz-Adyge","Greater Mesopotamia"
"stie1250","Stieng","Austroasiatic","African Savannah"
"didi1258","Didinga","Surmic","African Savannah"
"kuik1246","Kuikúro-Kalapálo","Cariban","NE South America"
"urub1250","Urubú-Kaapor","Tupian","NE South America"
"tali1258","Talinga-Bwisi","Atlantic-Congo","S Africa"
"djin1251","Djingili","Mirndi","N Australia"
"sang1328","Sango","Atlantic-Congo","African Savannah"
"thay1249","Thayore","Pama-Nyungan","N Australia"
"wari1268","Wari'","Chapacuran","NE South America"
"tari1256","Tariana","Arawakan","NE South America"
"kamu1258","Kamu","Eastern Daly","N Australia"
"west2632","Western Keres","Keresan","Basin and Plains"
"mbar1260","Mbara (Chad)","Afro-Asiatic","African Savannah"
"stan1288","Standard Spanish","Indo-European","Europe"
"khas1269","Khasi","Austroasiatic","Indic"
"madn1237","Madngele","Eastern Daly","N Australia"
"teop1238","Teop","Austronesian","Oceania"
"mayo1261","Mayogo","Atlantic-Congo","African Savannah"
"sida1246","Sidamo","Afro-Asiatic","Greater Abyssinia"
"yong1280","Yonggom","Nuclear Trans New Guinea","Southeast Asia"
"bell1243","Bella Coola","Salishan","Alaska-Oregon"
"samo1305","Samoan","Austronesian","Oceania"
"jino1236","Jino","Sino-Tibetan","African Savannah"
"cent1973","Central Pashto","Indo-European","Inner Asia"
"coos1249","Coos","Coosan","Alaska-Oregon"
"elna1235","El Nayar Cora","Uto-Aztecan","Mesoamerica"
"mbul1263","Mbula","Austronesian","N Coast New Guinea"
"nucl1643","Nuclear Japanese","Japonic","N Coast Asia"
"awac1239","Awa-Cuaiquer","Barbacoan","Andean"
"tuvi1240","Tuvinian","Turkic","Inner Asia"
"kweg1241","Kwegu","Surmic","Greater Abyssinia"
"ruka1240","Rukai","Austronesian","Southeast Asia"
"sout2750","Southern Yukaghir","Yukaghir","N Coast Asia"
"lave1249","Lave","Austroasiatic","Southeast Asia"
"sout2807","Southern Sotho","Atlantic-Congo","S Africa"
"nucl1347","Nuclear Wolof","Atlantic-Congo","African Savannah"
"araw1276","Lokono","Arawakan","NE South America"
"basa1284","Basa (Cameroon)","Atlantic-Congo","African Savannah"
"bwek1238","Bwe Karen","Sino-Tibetan","Southeast Asia"
"bimo1239","Bimoba","Atlantic-Congo","African Savannah"
"luok1236","Luo (Kenya and Tanzania)","Nilotic","S Africa"
"ngal1293","Ngalakan","Gunwinyguan","N Australia"
"konn1242","Konni","Atlantic-Congo","African Savannah"
"tiri1258","Tiri","Austronesian","Oceania"
"kalu1248","Kaluli","Bosavi","Interior New Guinea"
"tabl1243","Tabla","Sentani","N Coast New Guinea"
"hehe1240","Hehe","Atlantic-Congo","S Africa"
"emer1243","Emerillon","Tupian","NE South America"
"sali1295","Saliba (PNG)","Austronesian","S New Guinea"
"khan1273","Khanty","Uralic","Inner Asia"
"wamb1259","Wambon","Nuclear Trans New Guinea","Interior New Guinea"
"oksa1245","Oksapmin","Nuclear Trans New Guinea","Interior New Guinea"
"mono1275","Mono (USA)","Uto-Aztecan","Basin and Plains"
"rung1258","Runga","Maban","African Savannah"
"coca1259","Cocama-Cocamilla","Tupian","NE South America"
"sout2711","Southern Gondi","Dravidian",NA
"toca1235","Tocantins Asurini","Tupian","NE South America"
"amii1238","Ami","Western Daly","NE South America"
"engg1245","Enggano","Austronesian","Southeast Asia"
"tobe1252","Tobelo","North Halmahera","Oceania"
"kapr1245","Kapriman","Sepik","N Coast New Guinea"
"erzy1239","Erzya","Uralic","Inner Asia"
"muss1246","Mussau-Emira","Austronesian","N Coast New Guinea"
"copt1239","Coptic","Afro-Asiatic","N Africa"
"tyap1238","Tyap","Atlantic-Congo","African Savannah"
"cree1270","Creek","Muskogean","E North America"
"supy1237","Supyire Senoufo","Atlantic-Congo","African Savannah"
"ngit1239","Ngiti","Central Sudanic","S Africa"
"bett1235","Betta Kurumba","Dravidian","Indic"
"kana1283","Kanashi","Sino-Tibetan","Indic"
"tute1247","Tutelo","Siouan","E North America"
"mode1248","Modern Greek (1453-)","Indo-European","Europe"
"dann1241","Dan","Mande","African Savannah"
"maip1246","Maipure","Arawakan","NE South America"
"tiga1245","Tigak","Austronesian","N Coast New Guinea"
"nuer1246","Nuer","Nilotic","African Savannah"
"gula1269","Gula (Chad)","Central Sudanic","African Savannah"
"alya1239","Alyawarr","Pama-Nyungan","S Australia"
"kama1373","Kamayurá","Tupian","NE South America"
"nang1259","Nangikurrunggurr","Southern Daly","N Australia"
"gunw1252","Gunwinggu","Gunwinyguan","N Australia"
"plai1258","Plains Cree","Algic","E North America"
"iaai1238","Iaai","Austronesian","Oceania"
"tera1251","Tera","Afro-Asiatic","African Savannah"
"taca1256","Tacana","Tacanan","NE South America"
"soma1255","Somali","Afro-Asiatic","Greater Abyssinia"
"latv1249","Latvian","Indo-European","Inner Asia"
"wara1290","Waray (Australia)","Gunwinyguan","N Australia"
"kyak1244","Kyaka","Nuclear Trans New Guinea","Interior New Guinea"
"swah1253","Swahili","Atlantic-Congo","S Africa"
"mina1268","Minangkabau","Austronesian","Southeast Asia"
"hava1248","Havasupai-Walapai-Yavapai","Cochimi-Yuman","Basin and Plains"
"udmu1245","Udmurt","Uralic","Inner Asia"
"barb1263","Barbareño","Chumashan","California"
"mlab1235","Mlabri","Austroasiatic","Southeast Asia"
"edol1239","Edolo","Bosavi","Interior New Guinea"
"maru1249","Maru","Sino-Tibetan","Southeast Asia"
"ajab1235","Aja (Benin)","Atlantic-Congo","African Savannah"
"tahi1242","Tahitian","Austronesian","Oceania"
"baga1272","Baga Sitemu","Atlantic-Congo","African Savannah"
"jurm1239","Jur Modo","Central Sudanic","African Savannah"
"yabe1254","Yabem","Austronesian","N Coast New Guinea"
"lama1288","Lamang","Afro-Asiatic","African Savannah"
"ajas1235","Aja (Sudan)","Kresh-Aja","African Savannah"
"baka1274","Baka (Sudan)","Central Sudanic","African Savannah"
"cata1286","Catawba","Siouan","E North America"
"kora1292","Korana","Khoe-Kwadi","S Africa"
"koko1269","Kokota","Austronesian","Oceania"
"iumi1238","Iu Mien","Hmong-Mien","Southeast Asia"
"viet1252","Vietnamese","Austroasiatic","Southeast Asia"
"marg1265","Marghi Central","Afro-Asiatic","African Savannah"
"bini1246","Bini","Atlantic-Congo","African Savannah"
"arop1243","Arop-Lokep","Austronesian","N Coast New Guinea"
"pras1239","Prasuni","Indo-European","Indic"
"bamb1269","Bambara","Mande","African Savannah"
"mans1258","Mansi","Uralic","Inner Asia"
"amis1246","Amis","Austronesian","Southeast Asia"
"torw1241","Torwali","Indo-European","Indic"
"tigr1271","Tigrinya","Afro-Asiatic","Greater Abyssinia"
"nyan1308","Nyanja","Atlantic-Congo","S Africa"
"maqu1238","Maquiritari","Cariban","NE South America"
"ngel1238","Ngelima","Atlantic-Congo","S Africa"
"gama1251","Gamale Kham","Sino-Tibetan","Southeast Asia"
"amba1265","Ambai","Austronesian","N Coast New Guinea"
"emai1241","Emai-Iuleha-Ora","Atlantic-Congo","African Savannah"
"orya1242","Orya","Tor-Orya","N Coast New Guinea"
"baka1272","Baka (Cameroon)","Atlantic-Congo","African Savannah"
"ngaa1240","Ngaanyatjarra","Pama-Nyungan","S Australia"
"yulu1243","Yulu","Central Sudanic","African Savannah"
"nucl1379","Nuclear Kinga","Atlantic-Congo","S Africa"
"anua1242","Anuak","Nilotic","Greater Abyssinia"
"wels1247","Welsh","Indo-European","Europe"
"cent2194","Central Atlas Tamazight","Afro-Asiatic","N Africa"
"apin1244","Apinayé","Nuclear-Macro-Je","NE South America"
"rong1268","Ronga","Atlantic-Congo","S Africa"
"yawu1244","Yawuru","Nyulnyulan","N Australia"
"kuma1273","Kumaoni","Indo-European","Indic"
"chan1313","Chang Naga","Sino-Tibetan","Southeast Asia"
"buna1275","Bunaba","Bunaban","N Australia"
"awtu1239","Awtuw","Sepik","N Coast New Guinea"
"monn1252","Mon","Austroasiatic","Southeast Asia"
"taji1245","Tajik","Indo-European","Inner Asia"
"corn1251","Cornish","Indo-European","Europe"
"iraq1241","Iraqw","Afro-Asiatic","S Africa"
"gela1263","Gela","Austronesian","Oceania"
"koon1244","Koongo","Atlantic-Congo",NA
"siar1238","Siar-Lak","Austronesian","N Coast New Guinea"
"gulf1241","Gulf Arabic","Afro-Asiatic","Greater Mesopotamia"
"tawa1275","Tawala","Austronesian","S New Guinea"
"kima1246","Kimaama","Kolopom","S New Guinea"
"kiny1244","Kinyarwanda","Atlantic-Congo","S Africa"
"anga1287","Angami-Chokri","Sino-Tibetan","Southeast Asia"
"newa1246","Newari","Sino-Tibetan","Indic"
"avok1242","Avokaya","Central Sudanic","African Savannah"
"east1472","Eastern Keres","Keresan","Basin and Plains"
"wask1241","Waskia","Nuclear Trans New Guinea","N Coast New Guinea"
"arch1244","Archi","Nakh-Daghestanian","Greater Mesopotamia"
"mana1295","Manam","Austronesian","N Coast New Guinea"
"tean1237","Teanu","Austronesian","Oceania"
"acha1250","Achagua","Arawakan","NE South America"
"ainu1240","Ainu (Japan)","Ainu","N Coast Asia"
"koro1298","Koromfé","Atlantic-Congo","African Savannah"
"goon1238","Gooniyandi","Bunaban","N Australia"
"lowe1415","Lower Grand Valley Dani","Nuclear Trans New Guinea","Interior New Guinea"
"xico1235","Xicotepec De Juárez Totonac","Totonacan","Mesoamerica"
"susu1250","Susu","Mande","African Savannah"
"east2542","Eastern Ojibwa","Algic","E North America"
"guru1261","Gurung","Sino-Tibetan","Southeast Asia"
"loni1238","Loniu","Austronesian","N Coast New Guinea"
"kadi1248","Kadiwéu","Guaicuruan","SE South America"
"nort2774","Northern Ngbandi","Atlantic-Congo","N Coast New Guinea"
"nina1238","Ninam","Yanomam","NE South America"
"long1395","Longgu","Austronesian","Oceania"
"maor1246","Maori","Austronesian","Oceania"
"sout2741","Southern Dong","Tai-Kadai","Greater Mesopotamia"
"weda1241","Wedau","Austronesian","S New Guinea"
"nucl1240","Nuclear Mumuye","Atlantic-Congo","African Savannah"
"cebu1242","Cebuano","Austronesian","Oceania"
"tapi1253","Tapieté","Tupian","SE South America"
"luis1253","Luiseno","Uto-Aztecan","California"
"zulu1248","Zulu","Atlantic-Congo","S Africa"
"noon1243","Noone","Atlantic-Congo","African Savannah"
"sout2856","South Efate","Austronesian","Oceania"
"pala1351","Palantla Chinantec","Otomanguean","Mesoamerica"
"veng1238","Vengo","Atlantic-Congo","African Savannah"
"izie1238","Izi-Ezaa-Ikwo-Mgbo","Atlantic-Congo","African Savannah"
"tata1255","Tatar","Turkic","Inner Asia"
"esto1258","Estonian","Uralic","Inner Asia"
"mala1481","Malay, Manado","Austronesian","Oceania"
"yare1248","Yareba","Yareban","S New Guinea"
"yaqa1246","Yaqay","Anim","S New Guinea"
"shus1248","Shuswap","Salishan","Alaska-Oregon"
"chin1286","Chinook","Chinookan","Alaska-Oregon"
"shon1251","Shona","Atlantic-Congo","S Africa"
"saka1289","Sakao","Austronesian","Oceania"
"lend1245","Lendu","Central Sudanic","S Africa"
"coma1246","Comaltepec Chinantec","Otomanguean","Mesoamerica"
"maja1242","Majang","Surmic","Greater Abyssinia"
"bara1361","Barambu","Atlantic-Congo","S Africa"
"moun1252","Mountain Koiali","Koiarian","S New Guinea"
"usan1239","Usan","Nuclear Trans New Guinea","N Coast New Guinea"
"lagw1237","Lagwan","Afro-Asiatic","African Savannah"
"than1259","Thangmi","Sino-Tibetan","Indic"
"russ1263","Russian","Indo-European","Inner Asia"
"sout1528","South-Western Slavic","Indo-European","African Savannah"
"benc1235","Bench","Ta-Ne-Omotic","Greater Abyssinia"
"timu1262","Timugon Murut","Austronesian","Southeast Asia"
"bidi1241","Bidiyo","Afro-Asiatic","African Savannah"
"siee1239","Sie","Austronesian","Oceania"
"jola1263","Jola-Fonyi","Atlantic-Congo","African Savannah"
"garo1247","Garo","Sino-Tibetan","Indic"
"chol1284","Cholón","Hibito-Cholon","Andean"
"kist1241","Kistane","Afro-Asiatic","Greater Abyssinia"
"heil1246","Heiltsuk","Wakashan","Alaska-Oregon"
"yelm1242","Yelmek","Bulaka River","S New Guinea"
"ship1254","Shipibo-Conibo","Panoan","NE South America"
"yeii1239","Yei","Morehead-Wasur","S New Guinea"
"hang1263","Hanga Hundi","Ndu","N Coast New Guinea"
"kach1280","Kachin","Sino-Tibetan","Southeast Asia"
"rapa1244","Rapanui","Austronesian","Oceania"
"wahg1249","Wahgic","Nuclear Trans New Guinea","E North America"
"tele1256","Telefol","Nuclear Trans New Guinea","Interior New Guinea"
"pang1290","Pangasinan","Austronesian","Oceania"
"yoru1245","Yoruba","Atlantic-Congo","African Savannah"
"bawm1236","Bawm Chin","Sino-Tibetan","Indic"
"gunn1250","Gun","Atlantic-Congo","African Savannah"
"gbay1287","Gbaya-Bossangoa","Atlantic-Congo","African Savannah"
"teso1249","Teso","Nilotic","S Africa"
"kork1243","Korku","Austroasiatic","Indic"
"nisg1240","Nisga'a","Tsimshian","Alaska-Oregon"
"naka1262","Nakanai","Austronesian","N Coast New Guinea"
"bali1280","Bali-Vitu","Austronesian","Mesoamerica"
"yuro1248","Yurok","Algic","California"
"dong1285","Dongxiang","Mongolic","Southeast Asia"
"lund1266","Lunda","Atlantic-Congo","S Africa"
"east2288","East Frisian Low Saxon","Indo-European","Europe"
"tibe1272","Tibetan","Sino-Tibetan","Inner Asia"
"sorb1249","Sorbian","Indo-European","Europe"
"oloo1241","Olo","Nuclear Torricelli","N Coast New Guinea"
"wann1242","Wan","Mande","African Savannah"
"logo1259","Logo","Central Sudanic","S Africa"
"maga1260","Magahi","Indo-European","Indic"
"turk1303","Turkic Khalaj","Turkic","Greater Mesopotamia"
"nupe1254","Nupe-Nupe-Tako","Atlantic-Congo","African Savannah"
"huam1250","Hua Miao","Hmong-Mien","Oceania"
"fiji1243","Fijian","Austronesian","Oceania"
"doya1240","Doyayo","Atlantic-Congo","African Savannah"
"kabi1261","Kabiyé","Atlantic-Congo","African Savannah"
"kaya1329","Kayabí","Tupian","NE South America"
"kuma1280","Kuman","Nuclear Trans New Guinea","Interior New Guinea"
"nene1249","Nenets","Uralic","Inner Asia"
"dagb1246","Dagbani","Atlantic-Congo","African Savannah"
"shil1265","Shilluk","Nilotic","African Savannah"
"hlai1239","Hlai","Tai-Kadai","Southeast Asia"
"osse1243","Ossetian","Indo-European","Greater Mesopotamia"
"motu1246","Motu","Austronesian","S New Guinea"
"ngar1284","Ngarinyin","Worrorran","N Australia"
"waya1270","Wayampi","Tupian","NE South America"
"nucl1452","Nuclear Mombum","Mombum","S New Guinea"
"mani1235","Manikion","East Bird's Head","N Coast New Guinea"
"pana1307","Panará","Nuclear-Macro-Je","NE South America"
"tuka1247","Tukang Besi","Austronesian","N Coast Asia"
"gali1262","Galibi Carib","Cariban","NE South America"
"even1259","Evenki","Tungusic","Inner Asia"
"afar1241","Afar","Afro-Asiatic","Greater Abyssinia"
"hind1269","Hindi","Indo-European","Indic"
"mwag1236","Mwaghavul","Afro-Asiatic","African Savannah"
"nyan1307","Nyankole","Atlantic-Congo","S Africa"
"rutu1240","Rutul","Nakh-Daghestanian","Greater Mesopotamia"
"bang1354","Bangi","Atlantic-Congo","S Africa"
"kham1282","Khams Tibetan","Sino-Tibetan","Inner Asia"
"kete1252","Kete","Atlantic-Congo","S Africa"
"eipo1242","Eipomek","Nuclear Trans New Guinea","Interior New Guinea"
"komb1272","Kombio","Nuclear Torricelli","N Coast New Guinea"
"mais1250","Maisin","Austronesian","S New Guinea"
"mber1257","Mbere","Atlantic-Congo","S Africa"
"savi1242","Savi","Indo-European","Indic"
"kwai1243","Kwaio","Austronesian","Oceania"
"mina1269","Minaveha","Austronesian","S New Guinea"
"nucl1302","Modern Georgian","Kartvelian","Greater Mesopotamia"
"enet1250","Enets","Uralic","N Australia"
"cher1273","Cherokee","Iroquoian","E North America"
"lamb1271","Lamba","Atlantic-Congo","S Africa"
"cent2050","Central Kanuri","Saharan","Greater Mesopotamia"
"ilok1237","Iloko","Austronesian","Oceania"
"lamb1269","Lambadi","Indo-European","Indic"
"onaa1245","Selk'nam","Chonan","SE South America"
"kara1483","Karamojong","Nilotic","S Africa"
"abau1245","Abau","Sepik","N Coast New Guinea"
"gbay1288","Gbaya (Sudan)","Kresh-Aja","African Savannah"
"sout2982","Southeastern Pomo","Pomoan","California"
"cemu1238","Cemuhî","Austronesian","Oceania"
"apat1240","Apatani","Sino-Tibetan","Indic"
"west2644","Western Highland Chatino","Otomanguean","Mesoamerica"
"port1283","Portuguese","Indo-European","Europe"
"mezq1235","Mezquital Otomi","Otomanguean","Mesoamerica"
"mbay1241","Mbay","Central Sudanic","African Savannah"
"buki1249","Bukiyip","Nuclear Torricelli","N Coast New Guinea"
"nort2671","Northern Sami","Uralic","Inner Asia"
"shar1245","Sharanahua","Panoan","NE South America"
"mama1275","Mamanwa","Austronesian","Oceania"
"mund1325","Mundang","Atlantic-Congo","African Savannah"
"luva1239","Luvale","Atlantic-Congo","S Africa"
"doma1258","Domari","Indo-European","Greater Mesopotamia"
"laca1243","Lacandon","Mayan","Mesoamerica"
"tetu1245","Tetum","Austronesian","Oceania"
"owin1240","Owiniga","Left May","N Coast New Guinea"
"warr1258","Warrwa","Nyulnyulan","N Australia"
"atzi1235","Atzingo Matlatzinca","Otomanguean","Mesoamerica"
"kiow1266","Kiowa","Kiowa-Tanoan","Basin and Plains"
"tama1365","Tamasheq","Afro-Asiatic","African Savannah"
"indo1317","Indonesian Bajau","Austronesian","Oceania"
"kaby1243","Kabyle","Afro-Asiatic","N Africa"
"anei1239","Anejom","Austronesian","Oceania"
"panj1256","Panjabi","Indo-European","Indic"
"yand1253","Yandruwandha","Pama-Nyungan","S Australia"
"rawo1244","Rawo (Papua New Guinea)","Sko","N Coast New Guinea"
"yagu1244","Yagua","Peba-Yagua","NE South America"
"sund1252","Sundanese","Austronesian","Southeast Asia"
"kama1367","Kamasau","Nuclear Torricelli","N Coast New Guinea"
"pate1247","Patep","Austronesian","Interior New Guinea"
"gilb1244","Gilbertese","Austronesian","Oceania"
"cent2131","Central Tarahumara","Uto-Aztecan","Mesoamerica"
"even1260","Even","Tungusic","Inner Asia"
"suab1238","Suabo","Inanwatan","N Coast New Guinea"
"amah1246","Amahuaca","Panoan","NE South America"
"yaga1260","Yagaria","Nuclear Trans New Guinea","Interior New Guinea"
"murl1244","Murle","Surmic","African Savannah"
"amha1245","Amharic","Afro-Asiatic","Greater Abyssinia"
"adam1253","Adamawa Fulfulde","Atlantic-Congo","African Savannah"
"bank1256","Bankon","Atlantic-Congo","African Savannah"
"popt1235","Popti'","Mayan","Mesoamerica"
"port1285","Port Sandwich","Austronesian","Oceania"
"hixk1239","Hixkaryána","Cariban","NE South America"
"sars1236","Sarsi","Athapaskan-Eyak-Tlingit","Basin and Plains"
"slav1253","Slave","Athapaskan-Eyak-Tlingit","N Coast New Guinea"
"ngad1261","Ngad'a","Austronesian","Oceania"
"koyr1242","Koyraboro Senni Songhai","Songhay","African Savannah"
"epen1239","Epena","Chocoan","Andean"
"ukra1253","Ukrainian","Indo-European","Inner Asia"
"hili1240","Hiligaynon","Austronesian","Oceania"
"ngas1240","Ngas","Afro-Asiatic","African Savannah"
"ubyk1235","Ubykh","Abkhaz-Adyge","Greater Mesopotamia"
"guar1293","Guarequena","Arawakan","NE South America"
"bush1247","Bushoong","Atlantic-Congo","S Africa"
"enge1239","Engenni","Atlantic-Congo","African Savannah"
"west2555","Western Bukidnon Manobo","Austronesian","Oceania"
"guah1255","Guahibo","Guahibo","NE South America"
"niua1240","Niuafo'ou","Austronesian","Oceania"
"colo1256","Tsafiki","Barbacoan","Andean"
"patt1248","Pattani","Sino-Tibetan","Indic"
"daww1239","Dâw","Nadahup","NE South America"
"huau1238","Huautla Mazatec","Otomanguean","Mesoamerica"
"moss1236","Mossi","Atlantic-Congo","African Savannah"
"ngom1268","Ngombe (Democratic Republic of Congo)","Atlantic-Congo","S Africa"
"pulu1242","Puluwatese","Austronesian","Oceania"
"nort2954","Northern Paiute","Uto-Aztecan","Basin and Plains"
"kuvi1243","Kuvi","Dravidian","Indic"
"tung1290","Tungag","Austronesian","N Coast New Guinea"
"lamp1243","Lampung Api","Austronesian","Southeast Asia"
"kark1258","Karkar-Yuri","Pauwasi","N Coast New Guinea"
"taki1248","Takia","Austronesian","N Coast New Guinea"
"urdu1245","Urdu","Indo-European","Indic"
"copa1237","Copala Triqui","Otomanguean","Mesoamerica"
"niue1239","Niuean","Austronesian","Oceania"
"sanu1240","Sanumá","Yanomam","NE South America"
"irar1238","Irarutu","Austronesian","N Coast New Guinea"
"hemb1242","Hemba","Atlantic-Congo","S Africa"
"mitl1236","Mitla Zapotec","Otomanguean","Mesoamerica"
"kala1399","Kalaallisut","Eskimo-Aleut","E North America"
"ocot1243","Ocotepec Mixtec","Otomanguean","Mesoamerica"
"ngba1285","Ngbaka","Atlantic-Congo","S Africa"
"esee1248","Ese Ejja","Tacanan","NE South America"
"wole1240","Woleaian","Austronesian","Oceania"
"cham1312","Chamorro","Austronesian","Oceania"
"nank1250","Nankina","Nuclear Trans New Guinea","N Coast New Guinea"
"mart1255","Martuthunira","Pama-Nyungan","S Australia"
"temi1246","Temiar","Austroasiatic","Southeast Asia"
"iris1253","Irish","Indo-European","Europe"
"darg1241","Dargwa","Nakh-Daghestanian","Greater Mesopotamia"
"kokb1239","Kok Borok","Sino-Tibetan","Indic"
"paum1247","Paumarí","Arawan","NE South America"
"poli1260","Polish","Indo-European","Europe"
"yind1247","Yindjibarndi","Pama-Nyungan","S Australia"
"ambu1247","Ambulas","Ndu","N Coast New Guinea"
"yaku1245","Yakut","Turkic","Inner Asia"
"donn1238","Donno So Dogon","Dogon","African Savannah"
"wich1264","Wichí Lhamtés Güisnay","Matacoan","SE South America"
"east2342","Eastern Kayah","Sino-Tibetan","Southeast Asia"
"nami1256","Namia","Sepik","N Coast New Guinea"
"guma1254","Gumawana","Austronesian","S New Guinea"
"muso1238","Musom","Austronesian","N Coast New Guinea"
"huar1255","Huarijio","Uto-Aztecan","Mesoamerica"
"maba1277","Maba (Chad)","Maban","African Savannah"
"sipa1247","Sipacapense","Mayan","Mesoamerica"
"bagi1246","Bagirmi","Central Sudanic","African Savannah"
"koho1244","Koho","Austroasiatic","Southeast Asia"
"mari1440","Maricopa","Cochimi-Yuman","Basin and Plains"
"adan1251","Adang","Timor-Alor-Pantar","Oceania"
"lang1320","Langi","Atlantic-Congo","S Africa"
"mong1330","Mongolia Buriat","Mongolic","Alaska-Oregon"
"beja1238","Beja","Afro-Asiatic","N Africa"
"jams1239","Jamsay Dogon","Dogon","African Savannah"
"toho1245","Tohono O'odham","Uto-Aztecan","Basin and Plains"
"kenu1236","Kenuzi-Dongola","Nubian","African Savannah"
"pana1305","Panamint","Uto-Aztecan","Basin and Plains"
"icel1247","Icelandic","Indo-European","Europe"
"wamp1249","Wampanoag","Algic","E North America"
"kara1467","Kara-Kalpak","Turkic","Inner Asia"
"nand1266","Nandi","Nilotic","S Africa"
"waat1238","Waata","Afro-Asiatic","S Africa"
"salt1242","Salt-Yui","Nuclear Trans New Guinea","Interior New Guinea"
"abui1241","Abui","Timor-Alor-Pantar","N Coast New Guinea"
"bera1259","Bera","Atlantic-Congo","S Africa"
"nucl1301","Nuclear Turkish","Turkic","Greater Mesopotamia"
"ital1282","Italian","Indo-European","Europe"
"hung1274","Hungarian","Uralic","Europe"
"gami1243","Gamilaraay","Pama-Nyungan","S Australia"
"mara1385","Mara","Mangarrayi-Maran","N Australia"
"plat1254","Plateau Malagasy","Austronesian","Southeast Asia"
"park1239","Parkwa","Afro-Asiatic","African Savannah"
"seme1247","Semelai","Austroasiatic","Southeast Asia"
"ngon1269","Ngoni","Atlantic-Congo","S Africa"
"bilo1248","Biloxi","Siouan","E North America"
"maxa1247","Maxakalí","Nuclear-Macro-Je","SE South America"
"samb1305","Samba Leko","Atlantic-Congo","African Savannah"
"hoav1238","Hoava","Austronesian","Oceania"
"meny1245","Menya","Angan","Interior New Guinea"
"kris1246","Krisa","Sko","N Coast New Guinea"
"para1311","Paraguayan Guaraní","Tupian","SE South America"
"mace1250","Macedonian","Indo-European","Europe"
"lisu1250","Lisu","Sino-Tibetan","Southeast Asia"
"mong1338","Mongo (Atlantic-Congo)","Atlantic-Congo","S Africa"
"lezg1247","Lezgian","Nakh-Daghestanian","Greater Mesopotamia"
"luba1250","Luba-Katanga","Atlantic-Congo","S Africa"
"cash1251","Cashibo-Cacataibo","Panoan","Andean"
"mich1245","Michoacán Nahuatl","Uto-Aztecan","Mesoamerica"
"isth1244","Isthmus Zapotec","Otomanguean","Mesoamerica"
"stan1293","Standard English","Indo-European","Europe"
"sout2789","Southern Dagaare","Atlantic-Congo","African Savannah"
"bero1242","Berom","Atlantic-Congo","African Savannah"
"gari1256","Garifuna","Arawakan","Mesoamerica"
"buru1303","Buru (Indonesia)","Austronesian","Oceania"
"adyg1241","Adyghe","Abkhaz-Adyge","Greater Mesopotamia"
"nort2641","Northern Kurdish","Indo-European","Oceania"
"udih1248","Udihe","Tungusic","N Coast Asia"
"alun1238","Alune","Austronesian","Oceania"
"maee1241","Mae (Vanuatu)","Austronesian","Oceania"
"orok1266","Oroko","Atlantic-Congo","African Savannah"
"leal1235","Lealao Chinantec","Otomanguean","Mesoamerica"
"pali1279","Palikúr","Arawakan","NE South America"
"gaam1241","Gaam","Eastern Jebel","African Savannah"
"vaii1241","Vai","Mande","African Savannah"
"xaas1235","Xaasongaxango","Mande","African Savannah"
"nama1264","Nama (Namibia)","Khoe-Kwadi","S Africa"
"bong1285","Bongo","Central Sudanic","African Savannah"
"bata1289","Batak Toba","Austronesian","Southeast Asia"
"lush1249","Mizo","Sino-Tibetan","Southeast Asia"
"macu1259","Macushi","Cariban","NE South America"
"loth1237","Lotha Naga","Sino-Tibetan","Southeast Asia"
"pari1256","Päri","Nilotic","African Savannah"
"scot1245","Scottish Gaelic","Indo-European","Europe"
"mang1405","Manggarai","Austronesian","Oceania"
"lena1238","Lenakel","Austronesian","Oceania"
"tsha1245","Tshangla","Sino-Tibetan","Indic"
"kama1351","Kamas","Uralic","Inner Asia"
"nucl1417","Nuclear Igbo","Atlantic-Congo","African Savannah"
"gude1246","Gude","Afro-Asiatic","African Savannah"
"seng1278","Sengele","Atlantic-Congo","S Africa"
"lang1324","Lango (Uganda)","Nilotic","S Africa"
"tivv1240","Tiv","Atlantic-Congo","African Savannah"
"chig1238","Chiga","Atlantic-Congo","S Africa"
"boko1266","Boko (Benin)","Mande","African Savannah"
"valm1241","Walman","Nuclear Torricelli","N Coast New Guinea"
"kiku1240","Kikuyu","Atlantic-Congo","S Africa"
"folo1238","Folopa","Teberan","Interior New Guinea"
"sooo1256","Soo","Kuliak","S Africa"
"slov1268","Slovenian","Indo-European","Europe"
"aona1235","Ao Naga","Sino-Tibetan","Southeast Asia"
"dido1241","Tsez","Nakh-Daghestanian","Greater Mesopotamia"
"kili1267","Kilivila","Austronesian","S New Guinea"
"bhoj1244","Bhojpuri","Indo-European","Indic"
"aros1241","Arosi","Austronesian","Oceania"
"urak1238","Urak Lawoi'","Austronesian","Southeast Asia"
"brib1243","Bribri","Chibchan","Mesoamerica"
"musg1254","Musgu","Afro-Asiatic","African Savannah"
"chac1251","Chácobo","Panoan","NE South America"
"wamb1257","Wambule","Sino-Tibetan","Indic"
"goem1240","Goemai","Afro-Asiatic","African Savannah"
"tigr1270","Tigre","Afro-Asiatic","Greater Abyssinia"
"neha1247","Nehan","Austronesian","Oceania"
"kain1272","Kaingang","Nuclear-Macro-Je","SE South America"
"wayu1243","Wayuu","Arawakan","NE South America"
"furu1242","Furu","Central Sudanic","S Africa"
"gbay1281","Gbaya-Mbodomo","Atlantic-Congo","E North America"
"kara1500","Karajá","Nuclear-Macro-Je","NE South America"
"yuec1235","Yue Chinese","Sino-Tibetan","Southeast Asia"
"kwom1262","Kwoma","Sepik","N Coast New Guinea"
"haka1240","Haka Chin","Sino-Tibetan","Southeast Asia"
"sanm1295","San Miguel El Grande Mixtec","Otomanguean","Mesoamerica"
"kuni1265","Kuni-Boazi","Anim","S New Guinea"
"wich1260","Wichita","Caddoan","Basin and Plains"
"nucl1291","Nuclear Palaung","Austroasiatic","S Africa"
"mara1386","Maranunggu","Western Daly","N Australia"
"bina1277","Binandere","Nuclear Trans New Guinea","S New Guinea"
"ward1246","Wardaman","Yangmanic","N Australia"
"buru1320","Burunge","Afro-Asiatic","S Africa"
"achi1257","Achinese","Austronesian","Southeast Asia"
"louu1245","Lou","Austronesian","N Coast New Guinea"
"halh1238","Halh Mongolian","Mongolic","Inner Asia"
"bret1244","Breton","Indo-European","Europe"
"east2440","Taba","Austronesian","Oceania"
"sant1410","Santali","Austroasiatic","Indic"
"nort2930","Northeast Kiwai","Kiwaian","S New Guinea"
"akan1250","Akan","Atlantic-Congo","African Savannah"
"sioo1240","Sio","Austronesian","N Coast New Guinea"
"apal1257","Apalaí","Cariban","NE South America"
"mand1436","Mandinka","Mande","African Savannah"
"kxoe1243","Kxoe","Khoe-Kwadi","S Africa"
"wuzl1236","Wuzlam","Afro-Asiatic","African Savannah"
"adio1239","Adioukrou","Atlantic-Congo","African Savannah"
"haya1250","Haya","Atlantic-Congo","S Africa"
"moki1238","Mokilese","Austronesian","Oceania"
"obol1243","Obolo","Atlantic-Congo","African Savannah"
"acol1236","Acoli","Nilotic","S Africa"
"sina1266","Sinaugoro","Austronesian","S New Guinea"
"ndut1239","Ndut","Atlantic-Congo","African Savannah"
"mapu1245","Mapudungun","Araucanian","Andean"
"maun1240","Maung","Iwaidjan Proper","N Australia"
"bafu1246","Bafut","Atlantic-Congo","African Savannah"
"kups1238","Kupsabiny","Nilotic","S Africa"
"keng1240","Kenga","Central Sudanic","African Savannah"
"amel1241","Amele","Nuclear Trans New Guinea","N Coast New Guinea"
"tupu1244","Tupuri","Atlantic-Congo","African Savannah"
"bata1293","Batak Karo","Austronesian","Southeast Asia"
"jara1263","Jarawa (Nigeria)","Atlantic-Congo","African Savannah"
"zarm1239","Zarma","Songhay","African Savannah"
"ango1254","Angor","Senagi","N Coast New Guinea"
"kunb1251","Kunbarlang","Gunwinyguan","N Australia"
"juku1254","Jukun Takum","Atlantic-Congo","African Savannah"
"east2347","Eastern Tamang","Sino-Tibetan","Indic"
"tenn1246","Tennet","Surmic","African Savannah"
"youn1235","Younuo Bunu","Hmong-Mien","African Savannah"
"turk1304","Turkmen","Turkic","Inner Asia"
"mehr1241","Mehri","Afro-Asiatic","Greater Mesopotamia"
"tuva1244","Tuvalu","Austronesian","Oceania"
"komi1268","Komi-Zyrian","Uralic","Inner Asia"
"mats1244","Matsés","Panoan","NE South America"
"kola1242","Kolami-Naiki","Dravidian","Indic"
"west2500","Western Maninkakan","Mande","African Savannah"
"chec1245","Chechen","Nakh-Daghestanian","Greater Mesopotamia"
"alam1246","Alamblak","Sepik","N Coast New Guinea"
"kera1255","Kera","Afro-Asiatic","African Savannah"
"siro1249","Siroi","Nuclear Trans New Guinea","N Coast New Guinea"
"ilaa1246","Ila","Atlantic-Congo","S Africa"
"makh1264","Makhuwa","Atlantic-Congo","S Africa"
"mand1446","Mandan","Siouan","Basin and Plains"
"bili1260","Bilin","Afro-Asiatic","Greater Abyssinia"
"desa1247","Desano","Tucanoan","NE South America"
"yoku1256","Yokuts","Yokutsan","California"
"seda1262","Sedang","Austroasiatic","Southeast Asia"
"ndon1254","Ndonga","Atlantic-Congo","S Africa"
"kory1246","Koryak","Chukotko-Kamchatkan","N Coast Asia"
"dhim1246","Dhimal","Sino-Tibetan","Indic"
"dhar1247","Dhargari","Pama-Nyungan","S Australia"
"nucl1593","Nuclear Kwomtari","Kwomtari","N Coast New Guinea"
"taab1238","Taabwa","Atlantic-Congo","S Africa"
"amas1236","Ama (Sudan)","Nyimang","African Savannah"
"taba1266","Tabasco Chontal","Mayan","Mesoamerica"
"bara1377","Barai","Koiarian","S Africa"
"ayiw1239","Ayiwo","Austronesian","Oceania"
"lusi1240","Lusi","Austronesian","N Coast New Guinea"
"amar1272","Amara","Austronesian","N Coast New Guinea"
"nucl1310","Nuclear Burmese","Sino-Tibetan","Southeast Asia"
"makl1246","Maklew","Bulaka River","S New Guinea"
"kele1258","Kele (Papua New Guinea)","Austronesian","N Coast New Guinea"
"sobe1238","Sobei","Austronesian","N Coast New Guinea"
"thul1246","Thulung","Sino-Tibetan","Indic"
"mund1330","Mundurukú","Tupian","NE South America"
"dera1245","Dera (Indonesia)","Senagi","N Coast New Guinea"
"waiw1244","Waiwai","Cariban","NE South America"
"ngab1239","Ngäbere","Chibchan","Mesoamerica"
"bura1267","Burarra","Maningrida","N Australia"
"nkon1245","Nkonya","Atlantic-Congo","African Savannah"
"nort2745","Northern Yukaghir","Yukaghir","N Coast Asia"
"hata1243","Hatam","Hatam-Mansim","N Coast New Guinea"
"maka1318","Makah","Wakashan","Alaska-Oregon"
"huam1248","Huamalíes-Dos de Mayo Huánuco Quechua","Quechuan","African Savannah"
"band1344","Banda-Bambari","Atlantic-Congo","African Savannah"
"moru1253","Moru","Central Sudanic","African Savannah"
"thom1243","Thompson","Salishan","Alaska-Oregon"
"labu1248","Labu","Austronesian","N Coast New Guinea"
"achu1247","Achumawi","Palaihnihan","Basin and Plains"
"mend1266","Mende (Sierra Leone)","Mande","African Savannah"
"teri1250","Teribe","Chibchan","Mesoamerica"
"sans1272","San Salvador Kongo","Atlantic-Congo","S Africa"
"kash1277","Kashmiri","Indo-European","Indic"
"iban1264","Iban","Austronesian","Southeast Asia"
"goli1247","Golin","Nuclear Trans New Guinea","Interior New Guinea"
"ngiz1242","Ngizim","Afro-Asiatic","African Savannah"
"cent1989","Central Khmer","Austroasiatic","Southeast Asia"
"tlin1245","Tlingit","Athapaskan-Eyak-Tlingit","Alaska-Oregon"
"mand1415","Mandarin Chinese","Sino-Tibetan","Southeast Asia"
"boli1255","Bolia","Atlantic-Congo","S Africa"
"chra1242","Chrau","Austroasiatic","Southeast Asia"
"fass1245","Fas","Baibai-Fas","N Coast New Guinea"
"west2369","Western Farsi","Indo-European","Greater Mesopotamia"
"djee1236","Djeebbana","Maningrida","N Australia"
"diga1241","Digaro-Mishmi","Sino-Tibetan","Indic"
"hupd1244","Hupdë","Nadahup","NE South America"
"suri1267","Suri","Surmic","Greater Abyssinia"
"lako1247","Lakota","Siouan","Basin and Plains"
"wand1278","Wandala","Afro-Asiatic","African Savannah"
"osag1243","Osage","Siouan","E North America"
"huas1257","Huasteca Nahuatl","Uto-Aztecan","S Africa"
"chuj1249","Chujean","Mayan","African Savannah"
"unaa1239","Una","Nuclear Trans New Guinea","Interior New Guinea"
"bona1250","Bonan","Mongolic","Inner Asia"
"nias1242","Nias","Austronesian","Southeast Asia"
"bulg1262","Bulgarian","Indo-European","Europe"
"zagh1240","Beria","Saharan","African Savannah"
"lugb1240","Lugbara","Central Sudanic","S Africa"
"finn1318","Finnish","Uralic","Inner Asia"
"hunz1247","Hunzib","Nakh-Daghestanian","Greater Mesopotamia"
"masa1300","Masai","Nilotic","S Africa"
"saki1248","Sakirabia","Tupian","S Australia"
"rama1270","Rama","Chibchan","Mesoamerica"
"tulu1258","Tulu","Dravidian","Indic"
"laoo1244","Lao","Tai-Kadai","Southeast Asia"
"coas1294","Coastal Kadazan","Austronesian","Southeast Asia"
"murr1258","Murrinh-Patha","Southern Daly","N Australia"
"mund1320","Mundari","Austroasiatic","Indic"
"lahu1253","Lahu","Sino-Tibetan","Southeast Asia"
"bari1284","Bari (Nilotic)","Nilotic","African Savannah"
"kwin1241","Kwini","Worrorran","N Australia"
"tete1250","Tetela","Atlantic-Congo","S Africa"
"kewa1250","Kewa","Nuclear Trans New Guinea","African Savannah"
"itel1242","Itelmen","Chukotko-Kamchatkan","N Coast Asia"
"pipi1250","Pipil","Uto-Aztecan","Mesoamerica"
"akha1245","Akha","Sino-Tibetan","Southeast Asia"
"kaya1319","Kayardild","Tangkic","N Australia"
"budu1265","Buduma","Afro-Asiatic","African Savannah"
"kara1465","Karachay-Balkar","Turkic","Greater Mesopotamia"
"tuuu1240","Tu","Mongolic","Inner Asia"
"lada1244","Ladakhi","Sino-Tibetan","Indic"
"krah1246","Krahô","Nuclear-Macro-Je","NE South America"
"teke1274","Teke-Fuumu","Atlantic-Congo","S Africa"
"misi1242","Mising","Sino-Tibetan","Indic"
"cavi1250","Cavineña","Tacanan","NE South America"
"gbag1258","Gbagyi","Atlantic-Congo","Indic"
"hamt1247","Hamtai","Angan","Interior New Guinea"
"hida1246","Hidatsa","Siouan","Basin and Plains"
"pohn1238","Pohnpeian","Austronesian","Oceania"
"yucu1253","Yucuna","Arawakan","NE South America"
"pumi1242","Pumi","Sino-Tibetan","E North America"
"nort2959","Northern Tepehuan","Uto-Aztecan","Mesoamerica"
"noct1238","Nocte Naga","Sino-Tibetan","Southeast Asia"
"ndun1249","Ndunga","Atlantic-Congo","S Africa"
"mara1378","Marathi","Indo-European","Indic"
"tari1263","Tarifit","Afro-Asiatic","N Africa"
"lowl1265","Lowland Tarahumara","Uto-Aztecan","Mesoamerica"
"tamn1235","Tamnim Citak","Nuclear Trans New Guinea","N Coast New Guinea"
"sgaw1245","S'gaw Karen","Sino-Tibetan","Southeast Asia"
"lala1268","Lala (Papua New Guinea)","Austronesian","S New Guinea"
"idun1242","Iduna","Austronesian","S New Guinea"
"asut1235","Asu (Tanzania)","Atlantic-Congo","S Africa"
"kari1255","Karirí-Xocó","Unclassifiable","NE South America"
"hano1246","Hano","Austronesian","Oceania"
"fyam1238","Fyam","Atlantic-Congo","African Savannah"
"iwai1244","Iwaidja","Iwaidjan Proper","N Australia"
"shek1243","Shekhawati","Indo-European","Indic"
"hawa1245","Hawaiian","Austronesian","Oceania"
"lele1276","Lele (Chad)","Afro-Asiatic","African Savannah"
"kara1482","Kara (Central African Republic)","Central Sudanic","African Savannah"
"pala1344","Palauan","Austronesian","Oceania"
"miya1266","Miya","Afro-Asiatic","African Savannah"
"male1289","Maleu-Kilenge","Austronesian","N Coast New Guinea"
"futu1245","Futuna-Aniwa","Austronesian","Oceania"
"onei1249","Oneida","Iroquoian","E North America"
"opat1246","Opata","Uto-Aztecan","Mesoamerica"
"sanm1287","San Mateo del Mar Huave","Huavean","Mesoamerica"
"paiw1248","Paiwan","Austronesian","Southeast Asia"
"utes1238","Ute-Southern Paiute","Uto-Aztecan","Basin and Plains"
"kobo1249","Kobon","Nuclear Trans New Guinea","Interior New Guinea"
"lish1245","Lishanid Noshan","Afro-Asiatic","Greater Mesopotamia"
"siri1273","Sirionó","Tupian","NE South America"
"guib1245","Guibei Zhuang","Tai-Kadai","African Savannah"
"ixil1250","Ixilan","Mayan","African Savannah"
"tami1289","Tamil","Dravidian","Indic"
"tete1251","Tetelcingo Nahuatl","Uto-Aztecan","Mesoamerica"
"bong1291","Bongu","Nuclear Trans New Guinea","N Coast New Guinea"
"nort2836","North Efate","Austronesian","Oceania"
"west2560","West Coast Bajau","Austronesian","Southeast Asia"
"stan1318","Standard Arabic","Afro-Asiatic","N Africa"
"cent2004","Central Bai","Sino-Tibetan","Southeast Asia"
"pure1242","Purepecha","Tarascan","Mesoamerica"
"kore1280","Korean","Koreanic","N Coast Asia"
"meno1252","Menominee","Algic","E North America"
"momu1241","Momuna","Somahai","S New Guinea"
"furr1244","Fur","Furan","African Savannah"
"bats1242","Bats","Nakh-Daghestanian","Greater Mesopotamia"
"madi1260","Ma'di","Central Sudanic","S Africa"
"mwer1248","Mwera (Chimwera)","Atlantic-Congo","S Africa"
"wayu1241","Wayu","Sino-Tibetan","Indic"
"ngam1268","Ngambay","Central Sudanic","African Savannah"
"daga1275","Daga","Dagan","S New Guinea"
"thai1261","Thai","Tai-Kadai","Southeast Asia"
"auuu1241","Au","Nuclear Torricelli","N Coast New Guinea"
"paam1238","Paama","Austronesian","Oceania"
"apur1254","Apurinã","Arawakan","NE South America"
"egyp1253","Egyptian Arabic","Afro-Asiatic","N Africa"
"tauy1241","Tauya","Nuclear Trans New Guinea","Interior New Guinea"
"mari1424","Marithiel","Western Daly","N Australia"
"kwan1273","Kwangali","Atlantic-Congo","S Africa"
"puri1258","Purik","Sino-Tibetan","Indic"
"czec1258","Czech","Indo-European","Europe"
"xish1235","Xishanba Lalo","Sino-Tibetan","Southeast Asia"
"cerm1238","Cerma","Atlantic-Congo","African Savannah"
"mian1256","Mian","Nuclear Trans New Guinea","Interior New Guinea"
"iqui1243","Iquito","Zaparoan","NE South America"
"busa1253","Busa","Mande","African Savannah"
"naba1256","Nabak","Nuclear Trans New Guinea","N Coast New Guinea"
"male1292","Malecite-Passamaquoddy","Algic","E North America"
"cent1990","Central Nicobarese","Austroasiatic","Southeast Asia"
"tebu1238","Tebu","Saharan","African Savannah"
"tong1325","Tonga (Tonga Islands)","Austronesian","Oceania"
"naas1242","Naasioi","South Bougainville","Oceania"
"apuc1241","A-Pucikwar","Great Andamanese","Southeast Asia"
"kwak1269","Kwakiutl","Wakashan","Alaska-Oregon"
"kaba1278","Kabardian","Abkhaz-Adyge","Greater Mesopotamia"
"quio1240","Quiotepec Chinantec","Otomanguean","Mesoamerica"
"sons1242","Sonsorol","Austronesian","Oceania"
"kinn1249","Kinnauri","Sino-Tibetan","Indic"
"hopi1249","Hopi","Uto-Aztecan","Basin and Plains"
"kawa1283","Kawaiisu","Uto-Aztecan","California"
"nade1244","Nadëb","Nadahup","NE South America"
"abip1241","Abipon","Guaicuruan","SE South America"
"mann1248","Mann","Mande","African Savannah"
"kuku1273","Kuku-Yalanji","Pama-Nyungan","N Australia"
"chim1300","Chimalapa Zoque","Mixe-Zoque","Mesoamerica"
"pila1245","Pilagá","Guaicuruan","SE South America"
"yidi1250","Yidiny","Pama-Nyungan","N Australia"
"ikkk1242","Ik","Kuliak","S Africa"
"baou1238","Baoulé","Atlantic-Congo","African Savannah"
"khow1242","Khowar","Indo-European","Indic"
"nali1244","Nalik","Austronesian","N Coast New Guinea"
"maka1316","Makasae","Timor-Alor-Pantar","Oceania"
"chip1261","Chipewyan","Athapaskan-Eyak-Tlingit","E North America"
"khan1278","Khana","Atlantic-Congo","African Savannah"
"nucl1622","Nuclear Nuclear Marind","Anim","S New Guinea"
"peno1244","Peñoles Mixtec","Otomanguean","Mesoamerica"
"kach1279","Kachari","Sino-Tibetan","Indic"
"barc1235","Barclayville Grebo","Atlantic-Congo","NE South America"
"hueh1236","Huehuetla Tepehua","Totonacan","Mesoamerica"
"misk1235","Mískito","Misumalpan","Mesoamerica"
"wiyo1248","Wiyot","Algic","California"
"cakc1244","Cakchiquel-Tzutujil","Mayan","Oceania"
"biak1248","Biak","Austronesian","N Coast New Guinea"
"huaa1248","Amkoe","Tuu","S Africa"
"tuyu1244","Tuyuca","Tucanoan","NE South America"
"hupa1239","Hupa","Athapaskan-Eyak-Tlingit","California"
"ogbr1243","Ogbronuagum","Atlantic-Congo","African Savannah"
"mang1381","Mangarayi","Mangarrayi-Maran","N Australia"
"cupe1243","Cupeño","Uto-Aztecan","California"
"khar1287","Kharia","Austroasiatic","Indic"
"yoso1239","Yosondúa Mixtec","Otomanguean","Mesoamerica"
"indo1316","Indonesian","Austronesian","Southeast Asia"
"kaul1240","Kaulong","Austronesian","N Coast New Guinea"
"nung1290","Nunggubuyu","Gunwinyguan","N Australia"
"lama1277","Lamaholot","Austronesian","Oceania"
"dutc1256","Dutch","Indo-European","Europe"
"guja1252","Gujarati","Indo-European","Indic"
"sinh1246","Sinhala","Indo-European","Indic"
"kosr1238","Kosraean","Austronesian","Oceania"
"east2652","Eastern Oromo","Afro-Asiatic","S Africa"
"stan1289","Standard Catalan","Indo-European","Europe"
"wels1246","Welsh Romani","Indo-European","Europe"
"ewon1239","Ewondo","Atlantic-Congo","African Savannah"
"nucl1632","Nuclear Nuclear Sentani","Sentani","N Coast New Guinea"
"east2352","Eastern Magar","Sino-Tibetan","Indic"
"stan1290","Standard French","Indo-European","Europe"
"hebr1245","Hebrew","Afro-Asiatic","Greater Mesopotamia"
"nend1239","Nend","Nuclear Trans New Guinea","N Coast New Guinea"
"rawa1265","Rawang","Sino-Tibetan","Southeast Asia"
"east2379","Eastern Arrernte","Pama-Nyungan","S Australia"
"sich1238","Sichuan Yi","Sino-Tibetan","Southeast Asia"
"noon1242","Noon","Atlantic-Congo","African Savannah"
"acat1239","Acatepec Me'phaa","Otomanguean","N Coast Asia"
"masa1322","Masana","Afro-Asiatic","African Savannah"
"ndyu1242","Ndyuka","Indo-European","NE South America"
"gapa1238","Gapapaiwa","Austronesian","S New Guinea"
"dani1285","Danish","Indo-European","Europe"
"kire1240","Kire","Lower Sepik-Ramu","N Coast New Guinea"
"avar1256","Avar","Nakh-Daghestanian","Greater Mesopotamia"
"mina1276","Mina (Cameroon)","Afro-Asiatic","African Savannah"
"leti1246","Leti (Indonesia)","Austronesian","Oceania"
"tani1257","Tanimuca-Retuarã","Tucanoan","NE South America"
"paaa1242","Pa'a","Afro-Asiatic","African Savannah"
"gitx1241","Gitxsan","Tsimshian","Alaska-Oregon"
"manc1252","Manchu","Tungusic","Inner Asia"
"halk1245","Halkomelem","Salishan","Alaska-Oregon"
"kett1243","Ket","Yeniseian","Inner Asia"
"orok1269","Orokaiva","Nuclear Trans New Guinea","S New Guinea"
"cahu1264","Cahuilla","Uto-Aztecan","California"
"ntch1242","Ntcham","Atlantic-Congo","African Savannah"
"nava1243","Navajo","Athapaskan-Eyak-Tlingit","Basin and Plains"
"nucl1649","Nuclear Tsimshian","Tsimshian","Alaska-Oregon"
"nung1283","Nung (Viet Nam)","Tai-Kadai","Southeast Asia"
"darm1243","Darma","Sino-Tibetan","Indic"
"huns1239","Hun-Saare","Atlantic-Congo","African Savannah"
"gheg1238","Gheg Albanian","Indo-European","Oceania"
"kili1268","Kiliwa","Cochimi-Yuman","Mesoamerica"
"kuan1248","Kuanua","Austronesian","N Coast New Guinea"
"hdii1240","Hdi","Afro-Asiatic","African Savannah"
"dyir1250","Dyirbal","Pama-Nyungan","N Australia"
"muna1247","Muna","Austronesian","Oceania"
"shin1264","Shina","Indo-European","Indic"
"diml1238","Dimli","Indo-European","Greater Mesopotamia"
"baba1268","Babatana","Austronesian","Oceania"
"budu1250","Budu","Atlantic-Congo","S Africa"
"sahu1245","Sahu","North Halmahera","Oceania"
"bare1276","Baré","Arawakan","NE South America"
"suen1241","Suena","Nuclear Trans New Guinea","S New Guinea"
"coma1245","Comanche","Uto-Aztecan","Basin and Plains"
"nsen1242","Nsenga","Atlantic-Congo","S Africa"
"poko1263","Pökoot","Nilotic","S Africa"
"nzak1247","Nzakara","Atlantic-Congo","African Savannah"
"koyr1240","Koyra Chiini Songhay","Songhay","African Savannah"
